date,ced_code_2013,ced_name_2013,Commonwealth electoral division state,ABSTUDY (Living allowance),ABSTUDY (Non-living allowance),Age Pension,Austudy,Carer Allowance,Carer Allowance (Child Health Care Card only),Carer Payment,Commonwealth Seniors Health Card,Disability Support Pension,Double Orphan Pension,Family Tax Benefit A,Family Tax Benefit B,Health Care Card,Low Income Card,Newstart Allowance,Parenting Payment Partnered,Parenting Payment Single,Partner Allowance,Pensioner Concession Card,Sickness Allowance,Special Benefit,Widow Allowance,Widow B Pension,Wife Pension (Partner on Age Pension),Wife Pension (Partner on Disability Support Pension),Youth Allowance (other),Youth Allowance (student and apprentice)
2016-03,101,Banks,NSW,11,25,16611,177,4112,121,1880,2451,3758,5,9542,7718,7913,2064,3689,634,1008,35,25565,28,208,249,0,33,27,254,1477
2016-03,102,Barton,NSW,12,19,17854,208,4432,105,1811,2234,3595,5,8547,6949,7002,1723,3343,698,889,34,25979,28,81,182,0,44,24,201,1209
2016-03,103,Bennelong,NSW,32,13,14117,272,2624,85,995,3087,3134,5,6972,5523,6290,2070,2434,367,439,11,20085,26,143,172,0,15,12,145,1686
2016-03,104,Berowra,NSW,14,8,11200,156,1773,87,417,3414,1706,0,4555,3358,3734,1177,1266,160,314,5,14379,13,59,80,0,10,0,93,814
2016-03,105,Blaxland,NSW,25,35,16882,365,8374,389,5736,917,7482,9,17967,15748,16251,3538,8024,2855,2552,61,37316,39,163,273,0,135,70,602,2847
2016-03,106,Bradfield,NSW,9,27,9629,169,1584,76,326,5002,1480,0,4243,3356,3829,1136,1233,198,278,5,12353,12,61,79,0,5,0,52,926
2016-03,107,Calare,NSW,92,380,19412,183,4295,180,1799,2039,7161,5,10904,8918,9512,1989,5243,665,2630,35,33585,53,16,94,0,37,45,1084,1267
2016-03,108,Charlton,NSW,78,176,20135,199,4930,137,2026,1506,6313,5,9549,7901,8283,1772,4475,458,1933,42,32740,43,8,116,0,53,58,827,975
2016-03,109,Chifley,NSW,70,363,15238,307,6999,427,3972,509,7157,12,18342,15600,14246,2651,7648,1266,3776,34,34325,51,119,236,0,76,60,1158,1797
2016-03,110,Cook,NSW,14,43,15507,156,2410,114,660,3394,2445,5,5448,4310,4034,990,1907,143,698,10,20406,31,28,74,0,7,5,133,689
2016-03,111,Cowper,NSW,109,453,23789,223,5952,110,3096,1806,9186,17,12492,10174,10977,1948,7389,886,2641,52,43262,78,7,147,0,81,98,1305,713
2016-03,112,Cunningham,NSW,80,78,18670,323,4199,118,1647,2178,5814,12,7627,6255,8367,2919,4311,457,1285,33,29479,55,13,102,0,33,25,570,2711
2016-03,113,Dobell,NSW,56,151,20513,214,4876,169,2069,1625,6392,7,11464,9399,9273,1694,5423,553,2311,21,34180,71,20,133,0,47,42,849,913
2016-03,114,Eden-Monaro,NSW,46,189,20269,137,3630,84,1497,2281,6548,5,9032,7135,7347,1283,4342,575,1665,31,32305,55,12,116,0,47,48,692,431
2016-03,115,Farrer,NSW,79,302,21020,133,4456,120,1844,2016,6487,7,10374,8348,9452,1874,5751,556,2226,37,34374,63,0,106,0,47,72,933,841
2016-03,116,Fowler,NSW,15,108,15370,240,9004,313,6302,393,7280,6,16632,14608,14254,3860,8668,1602,2732,76,37278,49,136,345,0,69,53,673,3025
2016-03,117,Gilmore,NSW,71,262,24762,188,5419,122,2505,2355,6915,5,10133,8161,8646,1631,5320,603,1896,42,38817,47,9,123,0,38,62,752,666
2016-03,118,Grayndler,NSW,56,64,13917,495,2992,54,1214,1412,4099,0,5453,4541,6555,2078,4235,256,714,23,21922,39,48,124,0,43,14,262,1763
2016-03,119,Greenway,NSW,32,64,12946,200,3787,204,1624,950,3905,0,11618,9250,8346,1836,3927,726,1394,22,22163,35,131,162,0,44,28,411,1165
2016-03,120,Hughes,NSW,13,38,14068,160,4022,202,1768,1639,3216,5,8157,6623,6368,1503,2951,485,1050,6,21710,39,41,130,0,21,13,224,1092
2016-03,121,Hume,NSW,41,137,19109,144,4308,150,1753,2210,5592,8,9779,7697,7434,1222,3973,561,1823,21,30498,61,0,112,0,45,47,600,535
2016-03,122,Hunter,NSW,63,226,16309,125,4911,174,2325,1139,7293,5,11086,9586,9763,1350,6198,692,3010,40,32022,46,8,136,0,58,80,1205,536
2016-03,123,Kingsford Smith,NSW,115,100,14868,251,3103,84,1185,2475,4243,0,6135,5050,5861,1676,3150,257,803,16,22569,38,41,129,0,20,11,263,1600
2016-03,124,Lindsay,NSW,58,181,14413,226,4995,403,2094,868,5546,11,13026,10937,9736,1736,5097,638,2838,17,27609,61,23,128,0,49,34,813,1002
2016-03,125,Lyne,NSW,66,309,27179,177,5882,98,2778,2222,7922,6,10684,8565,9669,1612,6257,739,2078,49,43461,56,11,143,0,43,78,1019,599
2016-03,126,Macarthur,NSW,41,152,13802,188,5765,340,2369,1020,4754,5,12321,10290,9073,1559,4160,619,2474,19,25788,47,27,158,0,43,31,650,1086
2016-03,127,Mackellar,NSW,7,6,14197,133,1868,82,430,4177,1878,0,5160,3913,3440,770,1565,133,562,5,17919,25,12,62,0,5,7,99,550
2016-03,128,Macquarie,NSW,37,83,15891,229,3376,182,1220,1902,4292,5,8592,6938,6889,1613,3614,373,1461,17,24902,60,5,119,0,12,32,430,881
2016-03,129,McMahon,NSW,15,42,16101,231,8357,238,5645,932,5373,6,12367,10597,10591,2663,6204,1326,1628,54,32421,38,100,246,0,64,47,551,1931
2016-03,130,Mitchell,NSW,8,9,12519,204,2305,93,612,2823,1670,0,6050,4621,4735,1369,1469,261,457,7,16046,21,65,121,0,5,7,94,883
2016-03,131,New England,NSW,188,729,20563,168,4525,150,2158,2111,7388,5,12194,9835,11821,2277,6559,826,2920,49,36006,59,5,91,0,58,70,1332,1598
2016-03,132,Newcastle,NSW,148,123,16116,469,3534,96,1463,1470,7388,0,7369,6189,9670,3159,5561,407,1534,27,28868,43,13,102,0,41,24,887,2826
2016-03,133,North Sydney,NSW,13,40,8833,179,1344,46,342,3721,1744,5,3426,2834,3274,972,1386,122,276,5,11836,15,69,86,0,7,0,71,824
2016-03,134,Page,NSW,120,406,23097,313,5462,173,2698,2108,9336,8,11923,9615,11181,2075,7273,815,2492,49,41723,62,5,146,0,50,96,1297,921
2016-03,135,Parkes,NSW,218,1131,19009,63,4635,135,2341,1918,7425,14,12496,10421,11265,1284,7087,683,3533,31,35118,52,5,118,0,49,54,1359,351
2016-03,136,Parramatta,NSW,17,36,13904,411,4399,133,2502,1473,5571,8,13561,11195,11496,2638,5625,1296,1351,24,26184,34,215,236,0,71,38,405,1867
2016-03,137,Paterson,NSW,48,206,23449,146,5415,121,2483,2256,6845,5,9698,8047,8462,1415,5135,554,1999,36,37386,70,14,137,0,42,69,854,564
2016-03,138,Reid,NSW,20,21,13659,370,3823,92,1846,2287,3355,8,9720,8048,9114,2392,3935,1100,838,30,21705,29,185,193,0,66,17,244,1743
2016-03,139,Richmond,NSW,92,184,21679,488,4397,81,1972,2119,7725,7,11620,9365,10694,2067,7331,819,1949,33,37188,96,10,199,0,44,55,783,754
2016-03,140,Riverina,NSW,89,303,17716,149,4279,166,1776,2235,5840,5,11162,8811,8858,1709,4585,586,2275,15,29848,45,18,62,0,42,39,917,1303
2016-03,141,Robertson,NSW,74,85,21775,240,3884,100,1416,2204,5420,0,8977,7358,7548,1604,4490,404,1545,13,32445,46,16,131,0,24,34,598,860
2016-03,142,Shortland,NSW,51,162,22409,150,5073,136,2159,1588,6360,5,8799,7353,7556,1456,4617,417,1835,36,35267,44,5,113,0,46,56,798,712
2016-03,143,Sydney,NSW,128,95,9150,532,1764,32,885,1488,5519,0,3729,3202,6056,2045,4414,184,623,10,18085,26,77,125,0,14,5,250,1963
2016-03,144,Throsby,NSW,57,176,22201,162,5594,145,2418,1734,7135,5,10343,8545,8249,1620,4920,658,2168,41,36658,49,9,139,0,51,43,812,839
2016-03,145,Warringah,NSW,5,12,9319,151,1271,45,279,3904,1648,5,3487,2812,2767,737,1306,83,349,0,12279,18,14,55,0,5,0,65,587
2016-03,146,Watson,NSW,17,26,17195,369,6392,214,3707,1426,5465,5,14753,12490,13298,3091,5992,2065,1473,64,31476,48,183,282,0,133,56,385,2374
2016-03,147,Wentworth,NSW,17,45,8312,270,1387,30,407,2838,2555,0,2862,2364,3578,917,2337,112,353,5,12465,19,17,56,0,5,0,89,811
2016-03,148,Werriwa,NSW,34,110,12525,225,6788,273,3859,647,5607,10,15301,12835,11661,2401,5599,1314,2486,27,27749,56,100,190,0,60,40,656,1686
2016-03,201,Aston,VIC,8,10,14836,184,3292,115,1032,1397,3482,6,8383,6659,8689,3661,3220,393,970,29,22080,54,42,112,0,22,14,363,1286
2016-03,202,Ballarat,VIC,27,52,18782,340,4910,174,2193,1603,7225,7,11636,9402,13036,5094,5898,660,2140,38,33308,61,8,165,0,47,41,1089,2155
2016-03,203,Batman,VIC,49,33,17796,757,5016,98,1813,1372,6058,7,7582,6341,11859,5124,5732,519,1025,30,28975,38,35,95,0,74,28,451,2604
2016-03,204,Bendigo,VIC,31,48,19463,252,4454,136,1982,1918,7013,6,11289,9094,11775,4399,5506,676,2058,30,33519,79,5,142,0,42,46,858,1809
2016-03,205,Bruce,VIC,6,13,19022,285,4395,96,1940,2578,5362,15,10462,8583,12181,4549,5328,848,1084,52,30217,55,166,194,0,46,22,502,2026
2016-03,206,Calwell,VIC,12,23,15824,267,8755,263,5128,795,7303,11,14406,12285,16415,4999,7916,1721,1816,45,33611,73,49,158,0,108,61,887,2508
2016-03,207,Casey,VIC,11,19,16017,185,3408,117,1073,1494,4653,5,10178,8071,8865,3451,3580,447,1356,25,25327,59,8,131,0,24,23,440,953
2016-03,208,Chisholm,VIC,21,6,17104,296,3172,66,896,3150,3685,0,6545,5220,9076,4578,2964,337,527,26,23776,15,81,124,0,25,12,259,2477
2016-03,209,Corangamite,VIC,30,31,18171,262,3463,154,1234,2636,4230,10,9251,7082,9840,4303,3741,411,1181,23,26819,48,5,101,0,17,34,451,1743
2016-03,210,Corio,VIC,25,43,20880,289,5453,194,2384,1495,7351,20,10957,9171,12547,4240,6614,629,2225,49,36288,81,7,179,0,40,31,1001,1535
2016-03,211,Deakin,VIC,5,11,17424,240,2897,78,814,2811,4093,12,7784,6187,8720,3454,3333,541,755,11,24807,39,51,106,0,14,7,317,1232
2016-03,212,Dunkley,VIC,7,20,19198,224,3758,119,1431,2081,5773,8,10176,8419,9555,3245,5102,442,1869,19,31202,73,10,119,0,18,17,645,1071
2016-03,213,Flinders,VIC,13,24,23962,175,4262,117,1613,3063,5468,6,10583,8443,9379,3165,4658,503,1752,34,35510,87,5,131,0,23,29,491,708
2016-03,214,Gellibrand,VIC,27,14,17059,538,4706,115,1951,1230,5147,7,9137,7813,12863,4550,6997,791,1367,42,28698,60,74,185,0,61,37,572,2095
2016-03,215,Gippsland,VIC,30,104,22051,137,5119,173,2237,2019,7561,5,10550,8657,11821,3598,6554,672,2213,40,37377,59,7,144,0,31,63,998,757
2016-03,216,Goldstein,VIC,5,5,12456,207,2300,47,536,3833,2624,0,3849,3066,4965,2135,1934,125,374,5,16903,32,28,75,0,8,11,121,983
2016-03,217,Gorton,VIC,19,25,13178,313,7312,319,3395,487,6214,17,18380,15255,17199,5092,7718,1343,3079,56,29868,91,55,272,0,75,91,855,2139
2016-03,218,Higgins,VIC,10,5,9937,328,2096,51,533,2959,2718,0,3250,2652,5561,2665,2348,118,369,9,14570,29,38,81,0,15,6,165,1635
2016-03,219,Holt,VIC,15,27,14531,301,6074,172,2905,629,6795,25,20145,16376,17410,5318,7051,1592,2549,31,30535,92,100,197,0,36,27,953,2249
2016-03,220,Hotham,VIC,9,6,18474,217,4169,123,1647,1682,4483,7,8871,7182,9815,4119,3913,512,882,39,27653,40,79,152,0,46,26,274,1764
2016-03,221,Indi,VIC,18,44,20169,123,4095,138,1678,2227,5613,5,10409,8115,9020,2607,4623,508,1768,43,31883,59,5,152,0,37,46,665,650
2016-03,222,Isaacs,VIC,5,5,16236,207,3792,122,1487,1501,4721,8,10516,8581,10344,3747,4525,618,1407,24,26249,46,62,142,0,23,16,453,1502
2016-03,223,Jagajaga,VIC,19,15,13767,264,3092,109,926,2766,3566,7,6179,5032,7796,3527,2876,289,751,13,20444,43,29,102,0,20,11,297,1333
2016-03,224,Kooyong,VIC,12,7,9043,299,1783,55,318,4091,1882,0,3070,2419,5459,2957,1509,100,209,5,12075,16,32,48,0,5,5,98,1857
2016-03,225,La Trobe,VIC,7,11,12587,197,3381,125,1069,1293,3435,5,10525,8211,9398,3633,3349,499,1167,12,20110,50,24,104,0,11,13,409,1240
2016-03,226,Lalor,VIC,24,48,12706,363,5875,217,2444,864,5052,31,21076,17597,18911,5236,7499,1739,2871,27,26489,78,55,179,0,38,40,900,1978
2016-03,227,Mallee,VIC,37,169,20921,107,4908,130,2155,2192,7577,6,11195,8708,11352,2987,5632,764,1957,32,35512,65,8,135,0,55,50,910,600
2016-03,228,Maribyrnong,VIC,11,11,19289,406,5789,149,2370,1698,4947,9,9781,8424,13290,4933,6707,793,1451,43,31142,40,65,187,0,74,38,537,2322
2016-03,229,McEwen,VIC,27,34,15070,231,5911,266,2370,1396,5225,10,17641,14337,14212,4318,5606,993,2667,32,28148,66,28,144,0,34,40,736,1480
2016-03,230,McMillan,VIC,12,38,21884,203,4910,155,1915,2351,6651,5,13770,11138,12105,3914,5886,826,2543,31,36374,59,6,141,0,44,42,788,937
2016-03,231,Melbourne,VIC,84,9,8979,975,2254,45,1066,1501,5243,11,5455,4864,12126,5901,6295,528,1133,8,18713,37,78,129,0,13,8,415,3952
2016-03,232,Melbourne Ports,VIC,20,11,8431,440,1799,33,550,2411,4057,5,3619,3091,6517,2589,3640,249,474,12,14875,24,31,80,0,10,8,213,1481
2016-03,233,Menzies,VIC,6,5,15843,172,3101,73,828,4092,2262,5,5675,4385,7016,3327,2121,244,416,15,20462,15,50,96,0,18,7,160,1228
2016-03,234,Murray,VIC,50,140,22145,123,5178,151,2338,2154,7313,12,11825,9280,10754,3025,5485,726,2221,25,37100,64,13,119,0,52,72,813,706
2016-03,235,Scullin,VIC,15,42,17075,266,6844,155,2849,1109,6022,8,12408,10110,13048,4817,5486,999,1498,53,30247,75,59,124,0,95,46,660,2107
2016-03,236,Wannon,VIC,27,77,20185,141,4211,140,1888,2146,6509,5,9875,7564,10391,3825,5087,631,1588,44,33318,59,0,183,0,44,55,829,694
2016-03,237,Wills,VIC,28,14,18461,754,5603,130,2176,1310,5458,5,8363,6957,12249,5106,5645,677,941,28,29297,49,32,112,0,81,46,520,2619
2016-03,301,Blair,QLD,91,270,14844,312,5222,174,2301,905,8099,12,14755,12651,12115,2277,6497,1018,3504,26,32067,84,16,96,0,47,79,1467,1029
2016-03,302,Bonner,QLD,50,73,14725,256,2849,66,918,2017,3494,8,7678,6220,7303,2125,3436,340,1123,9,21877,57,26,88,0,29,17,515,1362
2016-03,303,Bowman,QLD,38,70,17617,196,3820,107,1393,1901,4346,6,9079,7301,7437,1723,3967,371,1602,32,27087,47,13,107,0,33,48,574,739
2016-03,304,Brisbane,QLD,88,46,7806,503,1290,30,356,1822,4152,0,3678,3089,6664,2543,3923,174,576,6,14278,51,9,56,0,5,5,426,2415
2016-03,305,Capricornia,QLD,90,332,14416,150,3382,110,1367,1432,4672,5,8950,7618,9318,1393,5876,617,2227,25,24972,61,7,116,0,26,46,1023,478
2016-03,306,Dawson,QLD,66,338,14233,109,3393,94,1361,1805,4369,5,9522,8037,10085,1417,6676,588,2315,23,24742,72,12,117,0,35,43,1074,559
2016-03,307,Dickson,QLD,47,78,12246,203,3301,114,1064,1404,3208,5,9368,7466,7531,1748,3427,449,1452,19,19799,49,5,102,0,18,26,650,819
2016-03,308,Fadden,QLD,64,89,18177,392,4370,82,1844,1886,4507,6,13051,10648,11002,2437,5700,789,2387,23,29701,76,17,161,0,25,18,860,1501
2016-03,309,Fairfax,QLD,46,60,19681,456,3834,83,1507,2410,5221,5,10995,8778,9821,2416,5422,647,1737,28,30878,62,10,160,0,20,36,810,1170
2016-03,310,Fisher,QLD,46,60,20378,370,4061,93,1512,2515,4637,10,9769,7871,9185,2310,4883,563,1597,26,30643,61,7,155,0,25,35,796,1225
2016-03,311,Flynn,QLD,56,396,13472,96,4033,117,1758,1460,5048,5,9770,8404,10636,1309,6778,771,2323,38,25232,51,5,97,0,47,73,1116,308
2016-03,312,Forde,QLD,56,125,15332,273,4794,165,2051,740,5986,8,15112,12480,11846,2058,5961,885,3075,27,29269,96,28,128,0,30,42,1182,1074
2016-03,313,Griffith,QLD,87,52,9418,534,1725,52,569,1527,3839,0,5226,4397,7290,2589,4014,244,852,5,16185,45,38,69,0,11,8,466,2284
2016-03,314,Groom,QLD,96,274,17121,279,3688,104,1418,1907,5772,6,10900,8847,9274,2072,4619,719,2256,17,28833,57,17,92,0,35,48,1059,960
2016-03,315,Herbert,QLD,291,721,12470,350,3878,106,1693,1068,5192,6,12359,10711,12916,2412,7729,821,3339,18,25465,55,12,93,0,25,29,1447,1567
2016-03,316,Hinkler,QLD,37,310,27080,273,7332,139,3583,1639,8328,9,11762,9904,12732,2413,8197,952,2694,74,45747,76,6,210,0,89,97,1565,697
2016-03,317,Kennedy,QLD,212,1249,17979,113,3849,89,1894,2123,5985,7,12757,10679,12998,1215,8922,1070,3240,27,32245,65,7,104,0,46,68,1413,272
2016-03,318,Leichhardt,QLD,423,1715,13924,352,3430,104,1649,1360,6051,5,15425,13083,16491,1899,10366,1329,3807,15,28695,75,20,118,0,27,17,1585,765
2016-03,319,Lilley,QLD,65,89,15732,318,2831,65,924,1917,4439,5,7872,6540,7896,2020,4282,423,1230,12,24270,61,19,111,0,12,15,665,1228
2016-03,320,Longman,QLD,57,156,19994,273,5989,132,2589,1312,6901,13,14119,11815,12182,2447,6807,1007,3135,50,36386,72,10,173,0,61,71,1324,967
2016-03,321,Maranoa,QLD,57,389,19504,123,4969,97,2316,2268,7388,6,12151,9723,10579,1588,5564,868,2479,31,34449,52,7,124,0,71,79,1137,356
2016-03,322,McPherson,QLD,52,47,18129,403,3601,98,1399,1951,4219,7,10694,8510,9089,2173,5055,487,1637,17,27935,64,13,164,0,27,22,688,1362
2016-03,323,Moncrieff,QLD,59,63,18527,550,3567,87,1571,2228,5144,7,10120,8331,10880,2611,6753,587,1811,24,30043,80,20,162,0,21,24,834,1909
2016-03,324,Moreton,QLD,73,80,11937,452,2544,79,1006,2111,3794,9,8619,7061,9846,3170,4541,654,1060,18,19554,47,47,111,0,18,10,637,2462
2016-03,325,Oxley,QLD,81,173,11417,277,3847,163,1745,912,5201,20,14278,11980,12038,2442,5950,1077,2549,20,23743,66,38,142,0,29,32,1102,1513
2016-03,326,Petrie,QLD,55,134,19037,282,4370,109,1678,1572,5912,8,12474,10369,10071,1963,5599,720,2380,28,31872,69,24,105,0,34,40,1009,919
2016-03,327,Rankin,QLD,77,200,13249,355,4404,148,2133,766,6520,17,18213,15199,15526,2894,7698,1489,3380,27,28613,67,55,140,0,52,68,1442,1596
2016-03,328,Ryan,QLD,68,53,9519,431,1924,65,431,3155,2037,0,4870,3986,6411,2927,2378,222,550,9,13533,31,5,52,0,9,5,329,2892
2016-03,329,Wide Bay,QLD,45,243,23061,274,5926,98,3082,2305,9083,5,11674,9654,11575,2137,7413,899,2281,52,41343,69,10,206,0,71,96,1313,602
2016-03,330,Wright,QLD,42,123,15329,215,4618,118,1963,1530,5319,7,11688,9280,9658,2015,4962,651,2046,31,27162,67,9,93,0,34,67,877,936
2016-03,401,Adelaide,SA,83,47,14519,537,2945,89,1105,2065,6019,14,7265,6014,10223,3404,5789,508,951,18,24878,53,55,94,0,31,15,554,2658
2016-03,402,Barker,SA,42,100,21820,150,4282,148,1897,2128,6929,12,11773,9149,10369,1888,6585,826,1945,38,35901,48,9,127,0,55,69,821,648
2016-03,403,Boothby,SA,48,36,18505,421,2848,106,843,2577,4111,5,6778,5370,7811,2803,3895,347,812,30,26056,43,9,84,0,29,26,408,1914
2016-03,404,Grey,SA,109,314,21852,90,4990,134,2369,1567,8057,8,10614,8824,11636,1598,8412,927,2305,71,38289,65,5,121,0,48,84,1325,425
2016-03,405,Hindmarsh,SA,41,43,21529,388,3751,109,1312,2265,5551,8,7383,5921,8795,2691,4961,403,977,30,31519,52,18,81,0,52,25,507,1840
2016-03,406,Kingston,SA,55,67,18665,355,4916,197,2093,710,6905,7,13338,10868,12044,2722,7096,878,2441,50,33680,63,18,121,0,50,56,1061,1356
2016-03,407,Makin,SA,38,43,19424,261,4117,195,1501,943,4911,10,11064,8833,10057,2497,5316,673,1598,46,30004,54,17,118,0,50,40,743,1513
2016-03,408,Mayo,SA,23,33,20946,233,3259,132,1143,2494,4263,5,8510,6501,7409,1894,4017,459,1008,42,29543,34,0,122,0,40,45,463,770
2016-03,409,Port Adelaide,SA,99,130,19110,371,6138,262,2930,575,9179,20,14479,12157,15122,3420,9688,1217,2653,51,38475,72,44,161,0,93,74,1183,2115
2016-03,410,Sturt,SA,36,36,20287,361,3278,117,996,2825,4471,6,7888,6259,7964,2444,3801,449,844,24,28336,42,24,95,0,36,27,413,1554
2016-03,411,Wakefield,SA,60,133,18581,348,6758,364,3050,953,9380,37,16760,14178,16359,3000,10026,1415,3880,46,39674,87,28,136,0,58,84,1631,1643
2016-03,501,Brand,WA,41,121,17572,222,3853,157,1384,1138,4542,8,13295,11671,11194,1953,6538,643,3033,37,29081,54,9,124,0,55,56,989,725
2016-03,502,Canning,WA,48,124,20320,219,3778,151,1438,1885,5047,12,12254,10719,11322,2061,6996,711,2839,46,32433,60,13,137,0,45,57,1076,713
2016-03,503,Cowan,WA,20,92,13223,185,2813,149,988,1086,3189,18,9446,7813,8731,2186,4343,607,1455,27,20524,45,25,102,0,37,39,534,1039
2016-03,504,Curtin,WA,88,37,9512,316,1237,36,280,3738,2150,0,2741,2328,4075,1627,1832,100,389,0,12908,15,10,42,0,7,0,143,1363
2016-03,505,Durack,WA,168,1354,10287,69,2580,70,1247,1067,5677,8,11258,10042,13349,876,8902,1164,3279,11,22665,44,10,74,0,26,32,1400,176
2016-03,506,Forrest,WA,39,183,17290,143,2981,83,1181,2286,4341,10,10318,8762,8962,1788,5577,563,2282,29,27574,64,6,121,0,37,32,753,384
2016-03,507,Fremantle,WA,30,131,14577,346,2754,97,902,1758,4148,5,7509,6466,8063,2047,4828,333,1439,25,22938,45,16,100,0,42,41,507,1082
2016-03,508,Hasluck,WA,66,212,16678,212,3147,128,1208,1324,4137,10,11285,9677,10676,2101,5938,675,2162,30,26260,51,25,127,0,43,52,829,931
2016-03,509,Moore,WA,21,27,11036,186,2076,105,534,1897,2204,10,6956,5812,6346,1708,2994,245,1171,18,16089,40,6,61,0,16,23,355,931
2016-03,510,O'Connor,WA,56,378,15463,91,2844,93,1218,2377,5232,5,10203,8575,9466,1219,6135,764,2150,26,26284,51,14,119,0,32,56,763,307
2016-03,511,Pearce,WA,46,199,15551,175,3338,159,1159,1882,3738,15,12823,10814,10197,1793,5416,665,2513,26,24994,65,20,113,0,29,46,752,664
2016-03,512,Perth,WA,55,94,14816,320,2223,58,829,1444,4001,5,7032,6004,8776,2252,5217,397,1199,23,22470,53,36,112,0,46,22,495,1238
2016-03,513,Stirling,WA,24,107,15616,291,2601,81,957,2143,4244,18,7622,6510,8570,2108,4850,616,1366,32,23836,40,42,108,0,34,31,467,1074
2016-03,514,Swan,WA,77,155,14862,359,2252,69,913,1628,4159,10,7949,6842,9687,2633,5378,541,1402,29,23041,45,49,123,0,18,22,640,1831
2016-03,515,Tangney,WA,16,12,12568,182,1831,64,452,2977,1382,7,5419,4375,5540,1953,2061,197,558,12,15656,16,29,79,0,8,12,174,1193
2016-03,601,Bass,TAS,63,88,13708,257,3135,68,1645,950,4838,14,8134,6706,8755,2460,4837,701,1547,32,24248,32,5,114,0,35,41,978,1212
2016-03,602,Braddon,TAS,56,155,15082,123,3867,74,2165,807,6263,8,8329,6858,7353,1683,4599,602,1616,57,27869,41,8,121,0,52,73,741,432
2016-03,603,Denison,TAS,55,75,11755,313,2476,68,1106,1392,5233,8,6727,5534,7796,2544,4074,484,1218,25,21167,43,13,83,0,22,27,782,1519
2016-03,604,Franklin,TAS,24,83,14170,169,2887,69,1265,1459,4645,7,7646,6088,6484,1824,3250,452,1308,37,23241,39,5,79,0,40,41,548,606
2016-03,605,Lyons,TAS,28,105,15632,116,4259,78,2379,976,6887,7,9191,7349,8105,1780,4973,679,1741,79,29512,47,5,118,0,54,81,726,400
2016-03,701,Lingiari,NT,247,1863,4225,36,1627,54,955,288,5690,5,11219,10005,16629,305,10841,2427,2214,5,14869,41,5,61,0,9,7,1737,89
2016-03,702,Solomon,NT,105,350,4925,119,1472,69,528,518,2893,5,6209,5368,5434,539,3476,321,1344,13,10480,29,12,43,0,13,7,489,276
2016-03,801,Canberra,ACT,23,73,12952,174,2706,99,664,2777,3992,6,6938,5801,5764,1333,2757,300,1295,10,20098,51,14,54,0,18,16,393,800
2016-03,802,Fraser,ACT,64,88,11977,423,2973,128,780,2472,4640,7,9240,7701,9240,3232,3816,470,1463,6,20258,45,53,61,0,11,9,587,2914
2016-06,101,Banks,NSW,12,25,16528,205,4120,124,1864,2445,3729,0,9675,7837,8115,2243,3535,618,983,34,25393,26,213,252,0,30,27,248,1779
2016-06,102,Barton,NSW,13,23,17817,243,4480,100,1848,2249,3557,5,8604,6972,6930,1824,3034,659,885,32,25752,26,78,167,0,43,22,183,1420
2016-06,103,Bennelong,NSW,38,13,14012,311,2651,78,992,3104,3100,5,7136,5672,6513,2266,2278,351,442,9,19972,20,157,165,0,17,10,124,1996
2016-06,104,Berowra,NSW,15,10,11139,187,1798,87,422,3438,1696,0,4608,3418,3740,1257,1111,169,316,5,14277,12,52,73,0,10,0,76,1005
2016-06,105,Blaxland,NSW,25,28,16901,434,8442,375,5754,911,7412,11,18159,15912,16453,3847,7391,2797,2536,58,37226,35,188,273,0,132,65,570,3228
2016-06,106,Bradfield,NSW,7,24,9568,177,1585,77,328,4987,1489,0,4390,3490,3977,1210,1169,187,277,5,12310,11,64,80,0,5,0,58,1106
2016-06,107,Calare,NSW,104,392,19436,228,4327,168,1844,2052,7115,0,11007,8975,9583,2167,4988,623,2638,30,33706,52,13,92,0,35,44,966,1448
2016-06,108,Charlton,NSW,78,184,20137,240,4939,131,2036,1529,6260,5,9618,7945,8281,1855,4311,451,1909,39,32813,42,6,109,0,52,56,770,1094
2016-06,109,Chifley,NSW,66,384,15346,327,7005,412,3943,526,7082,12,18550,15753,14461,2867,7051,1256,3721,29,34335,56,119,224,0,74,59,1034,2066
2016-06,110,Cook,NSW,11,52,15438,183,2448,107,662,3445,2440,5,5506,4339,4085,1060,1739,130,689,9,20339,30,29,73,0,8,5,125,812
2016-06,111,Cowper,NSW,125,442,23828,268,5940,101,3107,1827,9101,17,12536,10211,10916,1977,7147,875,2650,44,43453,84,9,137,0,80,92,1231,741
2016-06,112,Cunningham,NSW,90,87,18670,408,4234,122,1651,2207,5773,12,7726,6337,8703,3200,4061,440,1266,32,29420,50,11,96,0,29,25,559,2977
2016-06,113,Dobell,NSW,69,159,20538,262,4910,161,2071,1644,6348,5,11588,9466,9403,1852,5085,509,2282,21,34160,78,15,130,0,45,40,770,1054
2016-06,114,Eden-Monaro,NSW,49,204,20324,167,3652,85,1498,2295,6526,5,9164,7241,7375,1309,4219,550,1664,30,32367,62,7,110,0,46,45,610,447
2016-06,115,Farrer,NSW,76,286,21038,176,4484,116,1879,2016,6432,8,10440,8366,9547,2030,5523,538,2154,35,34393,61,0,99,0,45,70,850,957
2016-06,116,Fowler,NSW,19,102,15461,279,9084,291,6315,387,7228,6,16826,14718,14653,4177,8392,1623,2699,72,37344,45,140,341,0,74,49,647,3390
2016-06,117,Gilmore,NSW,67,257,24927,239,5427,125,2515,2378,6870,5,10272,8212,8726,1684,5084,604,1896,35,39001,52,5,124,0,37,61,699,711
2016-06,118,Grayndler,NSW,64,68,13860,608,2984,57,1182,1431,4032,0,5486,4565,6601,2244,3760,241,703,20,21646,34,51,116,0,42,13,239,2035
2016-06,119,Greenway,NSW,29,67,12963,235,3841,195,1626,948,3895,5,11875,9448,8640,2007,3629,707,1348,21,22109,39,126,157,0,38,25,365,1433
2016-06,120,Hughes,NSW,18,42,14125,185,4051,196,1780,1659,3180,6,8330,6788,6569,1614,2833,489,1044,5,21774,41,42,118,0,21,12,236,1257
2016-06,121,Hume,NSW,43,149,19158,167,4306,143,1736,2210,5582,8,9907,7787,7440,1259,3854,541,1853,20,30556,63,8,98,0,48,43,526,578
2016-06,122,Hunter,NSW,68,237,16430,158,4952,176,2342,1146,7290,5,11225,9683,9789,1413,5866,687,3000,34,32254,68,8,123,0,52,78,1145,625
2016-06,123,Kingsford Smith,NSW,112,105,14780,306,3106,81,1187,2487,4212,0,6199,5086,5999,1877,2871,262,786,15,22389,32,41,122,0,20,11,230,1925
2016-06,124,Lindsay,NSW,56,198,14492,256,5028,370,2106,884,5519,12,13229,11071,9823,1853,4660,627,2832,17,27693,61,25,116,0,45,34,698,1157
2016-06,125,Lyne,NSW,73,322,27347,216,5916,93,2795,2251,7834,6,10751,8602,9738,1722,6022,732,2064,50,43658,59,11,143,0,42,77,979,685
2016-06,126,Macarthur,NSW,56,160,13939,234,5825,331,2368,1043,4683,7,12563,10452,9264,1728,3820,637,2489,19,25878,47,35,151,0,42,28,580,1249
2016-06,127,Mackellar,NSW,8,9,14159,150,1863,82,433,4192,1879,0,5182,3947,3462,804,1422,118,540,0,17824,23,11,58,0,5,7,93,660
2016-06,128,Macquarie,NSW,40,83,15967,265,3399,171,1225,1932,4272,5,8668,6982,6855,1674,3395,362,1423,15,24938,57,5,107,0,11,31,357,959
2016-06,129,McMahon,NSW,20,43,16133,266,8395,231,5690,936,5337,7,12623,10796,10869,2851,5996,1346,1639,50,32524,41,93,241,0,62,47,528,2208
2016-06,130,Mitchell,NSW,8,7,12480,232,2337,90,620,2867,1674,0,6205,4774,4778,1436,1339,246,444,6,16041,19,69,118,0,5,7,97,1049
2016-06,131,New England,NSW,191,707,20557,198,4543,148,2181,2118,7329,5,12256,9809,12063,2538,6387,790,2902,41,36074,45,7,88,0,56,69,1194,1794
2016-06,132,Newcastle,NSW,152,123,16125,579,3532,98,1475,1491,7365,0,7467,6280,9928,3457,5086,418,1486,24,28922,39,13,96,0,39,24,874,3249
2016-06,133,North Sydney,NSW,14,48,8766,195,1344,42,331,3740,1743,5,3516,2904,3275,1021,1248,116,258,5,11762,15,61,85,0,6,0,53,1014
2016-06,134,Page,NSW,114,390,23181,366,5442,165,2692,2123,9254,8,12002,9654,11145,2177,6919,787,2449,45,41837,60,5,142,0,49,94,1213,931
2016-06,135,Parkes,NSW,246,1144,18982,87,4644,136,2356,1920,7306,15,12542,10398,11330,1325,6792,658,3535,26,35183,49,8,112,0,50,51,1253,395
2016-06,136,Parramatta,NSW,19,42,13821,471,4384,126,2474,1483,5487,7,13803,11460,11707,2871,5169,1265,1332,24,25996,35,215,238,0,67,38,404,2224
2016-06,137,Paterson,NSW,60,205,23555,164,5450,119,2495,2302,6833,5,9789,8103,8556,1528,5000,528,2036,32,37673,65,12,130,0,43,67,810,632
2016-06,138,Reid,NSW,21,24,13610,413,3817,90,1831,2314,3313,6,9889,8201,9330,2555,3607,1047,813,27,21492,24,182,184,0,64,17,217,2123
2016-06,139,Richmond,NSW,103,187,21840,591,4425,77,1968,2136,7649,6,11720,9411,10682,2219,6934,768,1920,31,37332,93,16,187,0,39,52,746,858
2016-06,140,Riverina,NSW,91,318,17715,171,4311,166,1804,2250,5814,6,11242,8824,9069,1898,4393,572,2294,16,29931,51,22,60,0,40,37,804,1466
2016-06,141,Robertson,NSW,85,78,21762,277,3887,102,1421,2243,5362,0,9020,7388,7579,1705,4195,380,1557,11,32387,38,11,124,0,23,31,563,1023
2016-06,142,Shortland,NSW,57,163,22395,186,5092,124,2152,1603,6326,6,8894,7437,7572,1512,4306,394,1829,32,35345,51,5,100,0,44,52,729,821
2016-06,143,Sydney,NSW,138,97,9121,627,1776,33,900,1513,5484,0,3753,3240,6210,2250,4050,172,608,9,18049,27,80,124,0,14,5,236,2374
2016-06,144,Throsby,NSW,65,168,22166,183,5614,140,2429,1754,7079,5,10389,8545,8352,1730,4605,631,2132,39,36544,51,9,135,0,51,38,728,914
2016-06,145,Warringah,NSW,5,12,9266,181,1262,44,281,3895,1617,5,3570,2872,2787,751,1219,79,344,0,12154,20,10,53,0,5,0,62,688
2016-06,146,Watson,NSW,19,26,17237,442,6432,210,3708,1410,5401,0,14963,12667,13605,3335,5642,2042,1454,61,31377,51,211,273,0,130,55,385,2764
2016-06,147,Wentworth,NSW,18,50,8250,326,1388,30,400,2846,2479,0,2870,2370,3563,967,2045,112,343,5,12276,24,17,52,0,5,0,82,947
2016-06,148,Werriwa,NSW,39,120,12545,267,6868,262,3912,664,5572,12,15545,13016,11942,2560,5350,1320,2506,27,27870,58,96,192,0,58,36,640,1923
2016-06,201,Aston,VIC,8,9,14893,239,3291,113,1052,1416,3458,6,8470,6701,8950,3910,3013,397,976,28,22161,45,47,109,0,23,13,334,1497
2016-06,202,Ballarat,VIC,39,52,18859,435,4951,172,2191,1608,7260,8,11749,9455,13456,5482,5656,627,2163,37,33543,74,9,165,0,44,40,949,2566
2016-06,203,Batman,VIC,51,34,17725,964,5007,93,1803,1387,5957,6,7717,6418,12336,5704,5148,496,1016,25,28727,45,32,93,0,71,25,408,3158
2016-06,204,Bendigo,VIC,32,48,19572,330,4479,125,2024,1930,6967,6,11414,9189,12065,4674,5321,656,2047,28,33728,66,5,135,0,41,47,758,2100
2016-06,205,Bruce,VIC,7,15,18893,323,4397,91,1937,2597,5326,16,10631,8718,12582,4847,5006,861,1047,51,29945,44,173,193,0,43,21,488,2328
2016-06,206,Calwell,VIC,14,24,15903,343,8841,246,5183,810,7211,11,14571,12432,16778,5245,7570,1711,1758,41,33575,79,44,158,0,104,61,816,2884
2016-06,207,Casey,VIC,15,20,16020,247,3432,108,1072,1507,4606,5,10246,8104,9220,3646,3459,455,1354,23,25305,58,10,121,0,23,22,386,1132
2016-06,208,Chisholm,VIC,27,7,16998,417,3168,72,905,3171,3639,0,6629,5293,9567,5023,2753,311,519,24,23591,23,71,120,0,20,12,244,3001
2016-06,209,Corangamite,VIC,29,32,18229,331,3478,146,1232,2672,4201,10,9412,7215,10120,4614,3566,377,1222,21,27001,49,5,93,0,20,32,434,2111
2016-06,210,Corio,VIC,28,42,20974,354,5469,191,2388,1509,7315,21,11109,9287,12809,4552,6329,634,2216,43,36399,92,13,174,0,39,31,882,1767
2016-06,211,Deakin,VIC,5,10,17331,307,2888,79,814,2836,4081,13,7937,6294,8979,3704,3122,525,756,10,24724,42,54,97,0,12,7,314,1504
2016-06,212,Dunkley,VIC,10,18,19230,307,3781,121,1444,2078,5747,8,10292,8494,9721,3466,4809,424,1855,17,31261,66,15,106,0,18,18,575,1289
2016-06,213,Flinders,VIC,14,22,24015,220,4252,114,1606,3111,5434,6,10667,8463,9603,3321,4522,480,1755,32,35536,71,6,122,0,23,28,453,872
2016-06,214,Gellibrand,VIC,28,14,17021,669,4698,112,1977,1238,5098,8,9236,7931,13197,4938,6540,765,1343,35,28632,62,73,176,0,60,34,528,2483
2016-06,215,Gippsland,VIC,27,104,22068,183,5126,170,2259,2047,7555,5,10609,8709,12190,3789,6484,679,2217,37,37454,60,7,141,0,29,63,950,886
2016-06,216,Goldstein,VIC,5,5,12404,244,2324,42,542,3857,2609,0,3921,3133,5153,2280,1761,109,382,5,16830,25,31,71,0,8,11,107,1193
2016-06,217,Gorton,VIC,17,28,13411,368,7417,309,3422,504,6184,18,18678,15500,17627,5394,7342,1371,3085,53,30125,87,54,260,0,71,87,821,2504
2016-06,218,Higgins,VIC,10,5,9883,409,2095,52,531,2948,2723,0,3285,2689,5794,2886,2104,119,352,8,14455,26,29,81,0,13,6,151,1843
2016-06,219,Holt,VIC,12,27,14686,380,6158,165,2943,638,6754,23,20574,16683,17918,5738,6711,1572,2572,29,30834,79,95,201,0,38,25,869,2658
2016-06,220,Hotham,VIC,9,5,18442,284,4200,118,1630,1682,4439,6,8981,7278,10093,4343,3742,533,890,37,27539,34,84,138,0,45,24,266,2035
2016-06,221,Indi,VIC,25,39,20231,149,4152,133,1702,2233,5607,6,10528,8178,9163,2720,4528,491,1782,38,32024,64,5,139,0,36,47,584,744
2016-06,222,Isaacs,VIC,9,5,16309,257,3813,120,1496,1511,4688,9,10639,8669,10576,3949,4300,616,1406,20,26273,56,71,130,0,21,16,394,1721
2016-06,223,Jagajaga,VIC,18,18,13728,331,3103,108,912,2801,3527,6,6244,5082,8047,3725,2780,286,739,11,20419,41,27,93,0,20,11,258,1567
2016-06,224,Kooyong,VIC,10,10,8953,385,1789,56,314,4112,1898,0,3201,2526,5792,3239,1364,105,218,5,12028,20,30,46,0,5,5,78,2212
2016-06,225,La Trobe,VIC,7,15,12630,245,3445,124,1098,1289,3407,5,10727,8348,9710,3862,3161,490,1180,11,20195,41,23,96,0,9,11,385,1448
2016-06,226,Lalor,VIC,28,51,12794,443,5897,208,2458,876,5030,35,21590,18012,19546,5720,7053,1712,2876,23,26722,78,50,177,0,38,39,883,2344
2016-06,227,Mallee,VIC,37,169,20957,121,4915,126,2141,2190,7518,6,11253,8728,11471,3080,5635,756,1987,30,35602,57,13,127,0,53,48,851,689
2016-06,228,Maribyrnong,VIC,15,13,19223,470,5810,133,2382,1713,4879,10,9907,8513,13618,5264,6291,792,1417,40,31010,41,76,187,0,71,36,528,2660
2016-06,229,McEwen,VIC,30,42,15282,311,6085,271,2453,1412,5251,11,18101,14639,14836,4629,5456,1016,2655,29,28589,74,25,142,0,29,41,707,1794
2016-06,230,McMillan,VIC,15,36,22031,274,4968,161,1959,2375,6643,6,13989,11242,12549,4214,5718,801,2577,28,36701,61,7,134,0,42,41,782,1090
2016-06,231,Melbourne,VIC,102,13,8986,1186,2263,45,1061,1506,5218,10,5538,4958,12692,6550,5658,526,1130,7,18740,42,78,124,0,12,8,415,4593
2016-06,232,Melbourne Ports,VIC,21,10,8418,550,1815,33,561,2433,4037,5,3739,3188,6712,2794,3256,260,496,11,14860,25,29,76,0,11,8,192,1663
2016-06,233,Menzies,VIC,5,0,15766,215,3127,68,834,4095,2272,5,5816,4466,7278,3519,1932,246,419,15,20334,22,50,92,0,18,7,138,1479
2016-06,234,Murray,VIC,71,143,22164,147,5222,140,2334,2142,7215,10,11900,9296,10894,3036,5429,710,2157,22,37110,81,16,110,0,54,66,738,802
2016-06,235,Scullin,VIC,20,51,17165,312,6896,145,2871,1116,5984,9,12639,10311,13402,5097,5212,1014,1508,52,30257,66,65,116,0,91,44,540,2431
2016-06,236,Wannon,VIC,24,88,20268,182,4249,137,1904,2165,6475,5,9951,7585,10540,3964,5079,613,1591,37,33511,62,0,170,0,47,51,743,735
2016-06,237,Wills,VIC,40,12,18361,946,5587,125,2176,1319,5388,5,8483,7076,12583,5536,5107,670,909,24,29085,56,39,106,0,80,42,457,2981
2016-06,301,Blair,QLD,96,284,14875,350,5287,170,2355,924,8094,11,14988,12795,12222,2374,6175,1019,3417,28,32358,77,15,95,0,45,78,1361,1130
2016-06,302,Bonner,QLD,56,77,14733,306,2879,64,921,2012,3462,7,7845,6334,7444,2267,3192,338,1111,7,21910,53,32,88,0,28,17,507,1517
2016-06,303,Bowman,QLD,41,72,17808,242,3871,103,1405,1902,4328,6,9141,7349,7509,1816,3781,366,1598,29,27290,54,12,105,0,28,49,559,882
2016-06,304,Brisbane,QLD,83,57,7810,634,1298,30,344,1827,4080,0,3812,3202,7063,2843,3667,171,587,6,14283,50,10,56,0,5,5,443,2779
2016-06,305,Capricornia,QLD,87,337,14512,182,3444,111,1384,1445,4662,7,9118,7727,9550,1515,5786,583,2256,24,25293,64,5,109,0,26,42,936,593
2016-06,306,Dawson,QLD,75,337,14368,148,3479,90,1428,1826,4380,5,9627,8148,10202,1506,6316,613,2300,19,25109,65,10,115,0,35,41,1052,662
2016-06,307,Dickson,QLD,38,78,12244,262,3346,106,1069,1407,3219,6,9507,7549,7666,1842,3282,448,1453,17,19925,48,7,97,0,19,24,611,934
2016-06,308,Fadden,QLD,68,85,18326,456,4428,90,1865,1895,4471,6,13300,10863,11438,2698,5362,773,2382,21,29852,82,20,142,0,26,17,813,1827
2016-06,309,Fairfax,QLD,47,53,19804,521,3880,90,1513,2441,5215,5,11128,8895,10037,2612,5146,631,1721,26,31095,71,8,162,0,20,37,795,1336
2016-06,310,Fisher,QLD,53,57,20480,448,4067,96,1516,2515,4604,10,9900,7940,9350,2474,4653,560,1591,22,30770,65,5,149,0,25,33,685,1404
2016-06,311,Flynn,QLD,63,381,13567,118,4023,126,1775,1461,5069,5,9947,8530,10838,1365,6688,779,2411,34,25650,51,5,91,0,47,72,1063,356
2016-06,312,Forde,QLD,50,123,15397,348,4853,164,2073,748,5938,9,15351,12608,12088,2215,5645,867,3051,24,29391,64,34,113,0,29,39,1112,1177
2016-06,313,Griffith,QLD,86,45,9413,630,1762,49,572,1534,3858,0,5289,4446,7610,2875,3725,271,839,5,16211,47,32,65,0,10,7,429,2710
2016-06,314,Groom,QLD,91,260,17097,327,3704,105,1461,1926,5748,7,11044,8923,9493,2166,4479,731,2246,15,28984,51,16,86,0,34,48,994,1078
2016-06,315,Herbert,QLD,298,749,12592,436,3956,106,1740,1081,5199,10,12444,10748,13249,2682,7230,806,3322,18,25831,50,17,94,0,23,30,1381,1863
2016-06,316,Hinkler,QLD,51,298,27271,310,7390,131,3617,1638,8286,9,11770,9889,12874,2562,7981,942,2632,70,45973,62,6,188,0,87,91,1496,729
2016-06,317,Kennedy,QLD,214,1267,18160,129,3926,79,1908,2122,5947,8,12902,10760,13014,1271,8408,1092,3219,27,32553,64,6,94,0,45,67,1192,284
2016-06,318,Leichhardt,QLD,456,1755,14105,376,3490,100,1673,1374,5993,5,15558,13195,16521,1994,9614,1331,3769,16,28885,87,16,114,0,28,17,1427,859
2016-06,319,Lilley,QLD,63,96,15754,360,2827,63,921,1918,4406,5,7935,6587,7943,2162,3985,409,1244,12,24335,63,17,104,0,12,15,622,1433
2016-06,320,Longman,QLD,54,152,20134,338,6014,137,2609,1323,6894,14,14224,11855,12421,2641,6446,1036,3049,46,36648,94,17,166,0,52,70,1257,1087
2016-06,321,Maranoa,QLD,72,396,19665,149,5059,98,2375,2264,7402,7,12236,9797,10657,1605,5443,847,2497,29,34868,58,7,118,0,70,75,1061,391
2016-06,322,McPherson,QLD,50,58,18174,486,3600,98,1407,1972,4165,7,10753,8549,9195,2358,4654,473,1597,14,27913,65,13,158,0,24,22,577,1617
2016-06,323,Moncrieff,QLD,63,66,18658,648,3577,80,1549,2210,5072,7,10204,8380,10830,2750,6224,534,1775,22,30053,77,20,142,0,23,23,755,2173
2016-06,324,Moreton,QLD,71,70,11908,534,2564,78,1011,2138,3772,11,8835,7265,10254,3425,4298,639,1056,16,19587,46,56,104,0,19,8,613,2853
2016-06,325,Oxley,QLD,78,165,11502,332,3854,158,1751,918,5169,22,14466,12119,12359,2649,5724,1101,2511,17,23946,60,45,126,0,28,31,1055,1762
2016-06,326,Petrie,QLD,61,135,19191,301,4438,107,1693,1583,5874,7,12728,10535,10219,2067,5344,731,2371,30,32142,66,23,106,0,34,39,958,1045
2016-06,327,Rankin,QLD,88,206,13320,439,4444,142,2162,757,6464,15,18417,15352,15951,3075,7384,1481,3332,25,28800,69,59,139,0,53,64,1353,1814
2016-06,328,Ryan,QLD,77,57,9528,520,1946,63,431,3156,2030,0,4972,4058,6811,3280,2229,199,553,9,13614,35,8,49,0,8,5,325,3421
2016-06,329,Wide Bay,QLD,48,245,23168,326,6041,90,3108,2329,9053,5,11798,9749,11690,2254,7262,906,2245,51,41610,71,9,191,0,66,93,1181,661
2016-06,330,Wright,QLD,39,121,15418,261,4651,118,1966,1526,5299,6,11795,9343,9703,2153,4700,653,2077,31,27401,70,12,93,0,32,66,792,1123
2016-06,401,Adelaide,SA,96,51,14547,681,2954,87,1131,2053,5959,12,7372,6101,10686,3770,5543,521,960,17,24976,49,57,88,0,28,15,548,3156
2016-06,402,Barker,SA,36,100,21871,173,4306,136,1905,2132,6884,10,11841,9168,10456,1975,6455,819,1946,32,36035,61,7,117,0,54,63,755,726
2016-06,403,Boothby,SA,58,39,18526,508,2859,107,850,2578,4035,5,6897,5468,8065,3031,3691,358,831,28,26068,40,12,80,0,26,26,379,2304
2016-06,404,Grey,SA,127,313,21856,108,5020,134,2398,1574,7961,9,10703,8881,11789,1698,8134,929,2307,65,38357,61,6,112,0,47,81,1145,488
2016-06,405,Hindmarsh,SA,49,48,21562,497,3742,103,1306,2270,5496,9,7489,6031,8979,2960,4658,400,973,26,31589,60,25,78,0,50,25,475,2172
2016-06,406,Kingston,SA,58,57,18738,437,4949,187,2123,732,6864,6,13455,10938,12232,2879,6784,843,2481,46,33929,66,15,114,0,48,57,1013,1558
2016-06,407,Makin,SA,44,44,19544,336,4113,188,1495,952,4885,10,11189,8921,10292,2655,5074,672,1646,44,30198,47,28,113,0,44,39,700,1729
2016-06,408,Mayo,SA,26,33,21134,285,3308,131,1160,2497,4254,5,8570,6515,7536,2022,3924,434,1020,39,29781,30,0,120,0,36,42,431,922
2016-06,409,Port Adelaide,SA,108,112,19084,440,6226,257,2973,584,9065,20,14697,12311,15382,3675,9335,1225,2652,50,38655,76,47,160,0,93,72,1120,2506
2016-06,410,Sturt,SA,39,44,20204,449,3289,113,1007,2857,4441,8,7967,6315,8122,2593,3670,435,844,22,28262,28,24,91,0,37,27,376,1783
2016-06,411,Wakefield,SA,65,130,18625,419,6771,355,3070,954,9346,40,16945,14310,16603,3262,9739,1413,3838,41,40000,76,26,128,0,58,83,1510,1917
2016-06,501,Brand,WA,57,135,17709,273,3911,160,1412,1137,4476,7,13639,11944,11979,2112,6659,670,3061,34,29429,63,18,119,0,55,55,977,859
2016-06,502,Canning,WA,51,132,20498,269,3857,145,1465,1901,4993,12,12588,11003,12157,2251,7009,738,2853,44,32702,62,14,127,0,43,54,1051,839
2016-06,503,Cowan,WA,26,96,13331,211,2829,141,1003,1095,3162,17,9601,7941,9236,2410,4299,598,1445,23,20607,40,29,95,0,36,38,530,1249
2016-06,504,Curtin,WA,105,47,9529,397,1239,34,278,3770,2109,0,2822,2405,4377,1844,1762,99,383,0,12914,17,9,46,0,7,0,142,1609
2016-06,505,Durack,WA,202,1391,10487,95,2640,66,1302,1069,5614,7,11407,10165,13384,937,8462,1146,3263,10,22928,51,11,66,0,25,31,1191,224
2016-06,506,Forrest,WA,33,182,17432,176,3016,87,1199,2311,4317,10,10539,8885,9487,1905,5595,560,2266,29,27758,58,11,114,0,38,28,743,446
2016-06,507,Fremantle,WA,35,133,14666,408,2801,91,910,1777,4108,5,7668,6596,8554,2260,4837,355,1414,22,22999,44,14,86,0,41,41,513,1291
2016-06,508,Hasluck,WA,74,204,16764,280,3200,113,1224,1313,4106,10,11634,9965,11273,2305,5964,705,2177,28,26407,60,23,109,0,42,50,802,1153
2016-06,509,Moore,WA,22,30,11101,256,2105,97,532,1942,2195,11,7067,5921,6812,1872,3024,273,1176,16,16199,31,9,58,0,15,23,379,1100
2016-06,510,O'Connor,WA,64,389,15540,109,2872,88,1230,2364,5168,5,10278,8638,9698,1272,5978,736,2126,25,26391,57,14,112,0,33,55,721,354
2016-06,511,Pearce,WA,50,196,15751,227,3405,153,1197,1898,3706,17,13201,11085,10816,1964,5506,672,2616,27,25417,53,27,104,0,29,44,751,859
2016-06,512,Perth,WA,62,96,14803,421,2240,64,834,1457,3979,5,7144,6105,9326,2485,5150,402,1205,22,22509,52,39,106,0,43,21,513,1461
2016-06,513,Stirling,WA,34,106,15578,329,2620,81,976,2182,4169,20,7812,6711,9028,2271,4799,622,1388,31,23792,42,42,103,0,31,30,492,1267
2016-06,514,Swan,WA,93,153,14856,454,2253,65,912,1649,4119,11,8184,7073,10361,2924,5339,571,1412,24,23065,45,59,119,0,17,22,624,2187
2016-06,515,Tangney,WA,15,10,12624,250,1847,57,457,3000,1354,7,5562,4474,5881,2139,2065,204,549,11,15671,15,25,70,0,7,12,172,1430
2016-06,601,Bass,TAS,68,88,13800,326,3130,63,1661,951,4831,12,8211,6746,9025,2666,4839,679,1534,31,24360,47,0,109,0,33,39,924,1384
2016-06,602,Braddon,TAS,53,142,15119,158,3917,80,2206,816,6233,8,8360,6841,7550,1785,4669,586,1598,53,27945,45,10,114,0,46,72,672,481
2016-06,603,Denison,TAS,56,69,11741,414,2452,64,1087,1404,5248,7,6796,5546,8057,2798,3947,492,1222,24,21161,41,9,78,0,20,26,693,1743
2016-06,604,Franklin,TAS,25,78,14219,203,2886,71,1267,1465,4645,7,7744,6124,6647,1944,3155,461,1302,37,23232,40,5,77,0,38,39,498,702
2016-06,605,Lyons,TAS,30,103,15666,134,4273,77,2396,992,6839,7,9282,7403,8186,1878,4926,696,1743,71,29549,53,0,110,0,55,80,646,443
2016-06,701,Lingiari,NT,263,2436,4329,37,1688,59,993,289,5633,5,11298,10053,16358,319,9489,2408,2212,5,15076,34,0,54,0,8,6,1452,97
2016-06,702,Solomon,NT,115,388,4984,125,1493,65,543,520,2887,5,6292,5446,5464,591,3138,315,1378,12,10683,33,11,38,0,13,8,434,274
2016-06,801,Canberra,ACT,24,78,12978,205,2702,95,666,2785,3965,7,7045,5901,5781,1410,2436,274,1293,9,20106,43,14,52,0,17,16,335,895
2016-06,802,Fraser,ACT,68,86,11968,485,2996,126,785,2487,4622,7,9376,7822,9508,3523,3440,472,1443,6,20258,45,50,57,0,12,8,525,3054
2016-09,101,Banks,NSW,11,21,16574,203,4141,126,1877,2460,3696,0,9557,7056,7826,2116,3325,618,951,31,25279,27,179,243,0,28,25,206,1752
2016-09,102,Barton,NSW,16,24,17894,228,4471,100,1828,2239,3533,5,8438,6356,6572,1680,2809,601,877,27,25540,24,72,154,0,41,21,153,1356
2016-09,103,Bennelong,NSW,39,16,13991,310,2645,75,984,3110,3072,5,6966,5003,6215,2119,2175,339,436,8,19784,15,130,167,0,17,10,118,1945
2016-09,104,Berowra,NSW,14,6,11155,188,1797,85,434,3459,1687,0,4499,2982,3624,1180,1087,162,306,5,14260,12,62,74,0,10,0,57,983
2016-09,105,Blaxland,NSW,25,27,16942,416,8489,358,5810,901,7321,10,18064,14623,15953,3564,7115,2725,2482,52,36970,41,172,261,0,131,62,449,3140
2016-09,106,Bradfield,NSW,8,24,9560,165,1597,78,328,4950,1494,0,4298,3099,3799,1143,1054,159,263,5,12270,11,72,77,0,5,0,49,1100
2016-09,107,Calare,NSW,112,359,19631,235,4382,159,1859,2037,7061,0,10884,8539,9486,2086,4968,627,2611,26,33785,63,10,91,0,36,43,949,1476
2016-09,108,Charlton,NSW,80,161,20281,250,4950,135,2033,1515,6208,5,9514,7537,8190,1812,4243,438,1924,37,32927,48,6,98,0,53,53,726,1102
2016-09,109,Chifley,NSW,76,355,15419,325,7058,421,3995,517,7022,13,18307,14600,14097,2678,6852,1235,3639,29,34294,49,121,211,0,75,53,899,2077
2016-09,110,Cook,NSW,18,45,15490,177,2434,109,651,3440,2421,5,5344,4045,3854,945,1649,113,700,8,20258,26,24,66,0,8,5,116,790
2016-09,111,Cowper,NSW,134,405,24072,262,5982,104,3106,1822,9030,17,12441,9729,10685,1839,7092,832,2596,42,43589,78,9,126,0,78,84,1189,703
2016-09,112,Cunningham,NSW,96,80,18700,400,4264,118,1670,2215,5709,13,7578,5931,8501,3043,3987,452,1238,30,29356,50,12,91,0,28,25,533,3046
2016-09,113,Dobell,NSW,68,142,20582,249,4930,164,2084,1628,6275,6,11402,8991,9102,1727,5042,480,2293,20,34157,73,15,119,0,41,40,721,1000
2016-09,114,Eden-Monaro,NSW,50,180,20497,165,3669,78,1511,2278,6455,5,9022,6875,7121,1235,4149,552,1644,29,32492,60,5,101,0,45,45,574,425
2016-09,115,Farrer,NSW,70,262,21177,172,4526,116,1890,1986,6373,7,10310,7881,9386,1979,5496,496,2159,33,34515,56,5,96,0,46,66,838,999
2016-09,116,Fowler,NSW,20,103,15571,274,9190,297,6403,400,7164,6,16826,13434,14495,3879,8449,1635,2636,69,37369,41,142,330,0,72,45,580,3279
2016-09,117,Gilmore,NSW,71,228,25115,221,5498,125,2537,2395,6793,5,10167,7796,8511,1588,5035,591,1909,33,39207,52,5,115,0,36,58,699,689
2016-09,118,Grayndler,NSW,70,60,13878,595,2998,62,1172,1430,3963,0,5320,4211,6186,2072,3525,225,698,16,21435,38,50,112,0,42,11,208,1972
2016-09,119,Greenway,NSW,31,63,13063,243,3893,192,1650,984,3832,5,11608,8722,8297,1886,3508,667,1337,16,22104,45,136,153,0,35,24,334,1406
2016-09,120,Hughes,NSW,21,36,14238,181,4089,192,1802,1655,3130,6,8212,6268,6378,1508,2694,498,1049,5,21807,39,44,118,0,20,12,218,1199
2016-09,121,Hume,NSW,48,139,19270,136,4327,132,1756,2215,5550,9,9760,7292,7227,1218,3822,535,1816,20,30654,55,6,89,0,48,40,470,586
2016-09,122,Hunter,NSW,63,229,16647,150,5004,173,2370,1132,7282,5,11185,9307,9702,1348,5944,676,3017,32,32555,52,9,111,0,50,75,1117,599
2016-09,123,Kingsford Smith,NSW,117,101,14789,306,3105,84,1162,2486,4163,0,6023,4707,5709,1769,2706,244,772,11,22230,30,42,122,0,19,11,206,1916
2016-09,124,Lindsay,NSW,57,176,14624,272,5063,357,2144,884,5469,13,13049,10548,9565,1729,4567,616,2826,12,27727,44,28,104,0,42,34,621,1105
2016-09,125,Lyne,NSW,83,290,27551,209,5970,87,2815,2252,7791,5,10687,8106,9523,1639,6044,701,2027,46,43862,49,9,135,0,37,78,924,654
2016-09,126,Macarthur,NSW,54,148,14165,212,5909,320,2372,1052,4647,8,12413,9900,9116,1647,3780,652,2460,18,26067,52,30,142,0,40,27,519,1263
2016-09,127,Mackellar,NSW,9,9,14197,146,1853,81,442,4167,1870,0,5073,3673,3356,751,1342,122,534,0,17780,21,11,52,0,5,7,91,669
2016-09,128,Macquarie,NSW,44,81,16104,261,3402,172,1223,1928,4212,5,8500,6516,6567,1546,3173,346,1425,13,25003,56,5,101,0,10,30,324,885
2016-09,129,McMahon,NSW,20,46,16374,246,8506,236,5785,944,5237,9,12693,9801,11251,2635,6343,1418,1582,44,32609,39,101,239,0,62,45,490,2189
2016-09,130,Mitchell,NSW,10,7,12527,208,2368,84,608,2879,1672,5,6132,4341,4656,1344,1308,245,454,5,16072,19,72,114,0,5,7,88,1038
2016-09,131,New England,NSW,197,645,20714,200,4566,145,2220,2116,7274,5,12090,9256,11906,2418,6406,783,2849,39,36233,36,8,84,0,54,66,1189,1803
2016-09,132,Newcastle,NSW,148,119,16149,580,3532,93,1490,1476,7308,0,7375,6019,9672,3330,5185,394,1458,21,28920,36,17,89,0,38,25,822,3161
2016-09,133,North Sydney,NSW,13,42,8740,198,1351,42,344,3743,1730,5,3427,2664,3117,957,1164,117,254,5,11702,19,64,72,0,6,0,52,1000
2016-09,134,Page,NSW,133,363,23351,361,5461,162,2707,2114,9150,7,11911,9096,10782,2058,6878,780,2415,40,41890,60,11,133,0,44,91,1120,907
2016-09,135,Parkes,NSW,260,1058,19012,93,4675,133,2403,1869,7261,14,12512,9992,11151,1267,6909,665,3528,24,35231,51,7,99,0,46,50,1211,365
2016-09,136,Parramatta,NSW,26,44,13819,462,4393,116,2512,1502,5456,7,13504,10498,11395,2733,4989,1230,1270,21,25786,25,225,220,0,71,32,344,2158
2016-09,137,Paterson,NSW,59,201,23773,172,5460,121,2536,2307,6801,5,9716,7644,8415,1490,4983,506,1999,28,37856,46,14,121,0,45,65,759,642
2016-09,138,Reid,NSW,21,20,13655,414,3780,74,1827,2316,3262,7,9711,7397,8885,2428,3397,986,799,24,21223,20,162,176,0,63,16,201,2028
2016-09,139,Richmond,NSW,106,169,21967,543,4445,82,1975,2130,7575,8,11642,8920,10304,2091,6733,758,1896,27,37371,87,13,176,0,40,50,677,862
2016-09,140,Riverina,NSW,93,295,17807,175,4351,175,1820,2225,5754,6,11065,8371,8920,1851,4412,550,2285,14,30006,54,21,57,0,39,33,787,1468
2016-09,141,Robertson,NSW,73,76,21791,282,3946,104,1456,2251,5291,5,8896,6929,7366,1595,4082,374,1538,11,32382,58,13,118,0,22,31,496,1019
2016-09,142,Shortland,NSW,45,164,22457,190,5112,122,2159,1611,6268,6,8748,7026,7412,1471,4228,396,1793,29,35305,40,0,94,0,42,49,709,793
2016-09,143,Sydney,NSW,121,92,9160,631,1789,30,899,1518,5467,0,3692,3105,6004,2145,3980,174,592,8,18058,26,80,113,0,14,5,210,2339
2016-09,144,Throsby,NSW,57,156,22235,176,5627,135,2432,1757,7038,5,10294,8089,8120,1614,4528,616,2108,32,36495,49,9,127,0,50,34,692,902
2016-09,145,Warringah,NSW,5,11,9285,173,1266,43,275,3848,1595,5,3469,2688,2676,707,1164,70,339,0,12107,20,9,48,0,5,0,54,663
2016-09,146,Watson,NSW,17,30,17254,410,6422,215,3702,1399,5359,5,14715,11418,13081,3085,5347,1975,1439,59,30994,46,197,250,0,123,54,310,2652
2016-09,147,Wentworth,NSW,24,49,8238,321,1390,31,406,2815,2461,0,2755,2246,3311,882,1886,103,329,5,12168,14,16,48,0,5,0,69,930
2016-09,148,Werriwa,NSW,43,115,12707,273,6916,259,3971,658,5531,13,15519,12182,11666,2350,5228,1309,2501,25,27970,50,101,183,0,57,34,547,1849
2016-09,201,Aston,VIC,7,9,15016,234,3321,118,1049,1419,3448,6,8324,6086,8658,3734,2917,383,944,24,22270,45,49,108,0,20,12,286,1505
2016-09,202,Ballarat,VIC,38,42,19054,400,4969,169,2238,1606,7213,9,11579,8991,13192,5285,5711,618,2128,34,33715,71,8,143,0,41,38,921,2469
2016-09,203,Batman,VIC,52,32,17697,936,4995,92,1810,1363,5887,6,7540,5888,11798,5469,4974,491,963,23,28514,49,36,92,0,69,25,345,3256
2016-09,204,Bendigo,VIC,35,48,19732,324,4529,121,2045,1909,6947,6,11266,8685,11672,4440,5244,660,2029,25,33860,67,0,124,0,38,47,741,2113
2016-09,205,Bruce,VIC,7,16,18946,323,4422,88,1965,2577,5248,15,10418,7830,12185,4652,4884,846,1025,44,29795,45,175,186,0,42,21,447,2338
2016-09,206,Calwell,VIC,15,23,16079,324,8916,245,5245,811,7137,10,14456,11205,16703,4949,7566,1667,1788,35,33470,74,55,153,0,103,60,780,2763
2016-09,207,Casey,VIC,13,23,16158,233,3464,114,1082,1498,4585,5,9994,7494,8895,3422,3383,422,1336,19,25405,62,8,109,0,22,20,364,1109
2016-09,208,Chisholm,VIC,24,7,16916,406,3172,66,902,3137,3593,0,6508,4794,9368,4899,2674,307,506,22,23366,22,76,120,0,22,12,234,3111
2016-09,209,Corangamite,VIC,32,38,18373,339,3534,142,1247,2660,4163,9,9287,6778,9862,4440,3481,366,1197,18,27054,48,7,92,0,19,32,392,2174
2016-09,210,Corio,VIC,23,43,21100,338,5496,191,2424,1513,7295,21,11005,8860,12479,4388,6275,627,2208,41,36526,81,14,169,0,36,29,812,1775
2016-09,211,Deakin,VIC,5,13,17335,311,2954,76,828,2840,4037,12,7788,5772,8821,3563,2971,517,755,9,24618,42,48,94,0,12,7,321,1501
2016-09,212,Dunkley,VIC,15,20,19346,285,3816,115,1452,2089,5647,9,10124,8089,9413,3261,4861,383,1843,12,31217,67,12,97,0,16,17,533,1285
2016-09,213,Flinders,VIC,11,27,24222,222,4292,119,1618,3094,5395,6,10602,8021,9391,3153,4455,461,1760,27,35697,80,5,122,0,20,25,452,842
2016-09,214,Gellibrand,VIC,28,12,17014,650,4719,110,1978,1209,5035,7,9071,7279,12769,4747,6275,747,1335,31,28402,51,69,167,0,56,32,475,2465
2016-09,215,Gippsland,VIC,31,101,22293,182,5161,173,2287,2046,7508,5,10590,8319,12171,3712,6612,661,2233,31,37733,72,6,128,0,29,62,911,900
2016-09,216,Goldstein,VIC,6,5,12403,256,2321,44,549,3823,2588,0,3863,2902,5075,2176,1735,105,386,5,16762,25,28,62,0,8,9,106,1250
2016-09,217,Gorton,VIC,13,28,13687,371,7531,302,3480,503,6099,24,18522,14579,17403,5186,7321,1369,3020,46,30276,93,50,241,0,71,86,768,2445
2016-09,218,Higgins,VIC,11,5,9873,406,2089,49,518,2960,2711,0,3191,2482,5524,2707,2011,119,354,7,14330,24,33,78,0,13,6,129,1913
2016-09,219,Holt,VIC,15,31,14897,377,6245,154,2977,610,6711,24,20388,15571,17603,5525,6587,1577,2604,27,31058,77,96,194,0,36,25,816,2631
2016-09,220,Hotham,VIC,9,6,18437,275,4178,121,1640,1676,4341,6,8814,6510,9809,4156,3671,522,856,29,27328,31,92,137,0,45,24,255,2059
2016-09,221,Indi,VIC,28,36,20375,152,4180,129,1705,2213,5603,6,10419,7754,9042,2661,4577,479,1760,35,32219,54,6,134,0,35,46,584,736
2016-09,222,Isaacs,VIC,11,6,16452,261,3851,108,1503,1512,4650,11,10516,8074,10313,3844,4174,611,1431,16,26369,52,73,129,0,22,16,380,1734
2016-09,223,Jagajaga,VIC,23,13,13735,334,3126,113,892,2787,3485,6,6181,4734,7821,3564,2675,293,756,8,20328,41,30,84,0,20,10,268,1609
2016-09,224,Kooyong,VIC,11,8,8929,379,1789,52,321,4096,1883,0,3118,2261,5588,3071,1326,101,226,0,11956,19,26,46,0,5,5,72,2281
2016-09,225,La Trobe,VIC,7,17,12753,246,3519,133,1124,1294,3400,5,10460,7674,9549,3781,3071,471,1159,11,20321,41,24,95,0,9,11,318,1484
2016-09,226,Lalor,VIC,27,43,12966,463,5957,206,2477,879,5006,35,21488,17172,19306,5463,6930,1714,2854,22,26816,66,46,169,0,37,38,772,2333
2016-09,227,Mallee,VIC,41,160,21051,121,4969,124,2146,2166,7461,7,11151,8159,11267,3019,5532,755,1965,28,35672,66,12,123,0,53,47,827,685
2016-09,228,Maribyrnong,VIC,10,13,19268,476,5829,127,2393,1717,4820,10,9922,7874,13371,5008,6253,766,1420,37,30900,43,93,181,0,65,36,497,2586
2016-09,229,McEwen,VIC,26,40,15590,294,6232,271,2553,1410,5286,11,18099,14060,14799,4454,5492,1049,2675,26,29080,77,30,131,0,28,38,696,1764
2016-09,230,McMillan,VIC,13,33,22324,274,5035,153,1993,2370,6608,7,13888,10715,12551,4133,5759,807,2572,24,37011,61,10,126,0,43,38,719,1104
2016-09,231,Melbourne,VIC,109,17,8978,1189,2287,43,1064,1520,5186,13,5401,4664,12239,6288,5598,512,1125,6,18614,41,75,122,0,13,7,359,4688
2016-09,232,Melbourne Ports,VIC,16,11,8449,529,1804,34,556,2443,4005,0,3691,3056,6466,2680,3163,251,488,11,14838,31,30,71,0,10,7,161,1668
2016-09,233,Menzies,VIC,5,5,15773,225,3136,66,841,4083,2258,5,5712,3953,7073,3375,1904,218,412,15,20268,25,39,86,0,15,7,146,1527
2016-09,234,Murray,VIC,80,133,22358,138,5312,139,2392,2111,7175,10,11750,8777,10973,2917,5614,687,2130,20,37282,87,27,98,0,49,66,682,804
2016-09,235,Scullin,VIC,24,42,17337,316,6945,145,2896,1116,5910,9,12400,9484,13025,4818,5112,993,1516,43,30233,70,65,107,0,85,43,495,2398
2016-09,236,Wannon,VIC,24,81,20406,158,4301,139,1933,2143,6450,5,9871,7148,10472,3846,5212,595,1575,36,33670,68,0,165,0,44,51,700,741
2016-09,237,Wills,VIC,41,13,18299,928,5607,139,2175,1301,5344,5,8353,6577,12353,5298,5018,653,901,22,28802,53,27,103,0,77,38,451,3009
2016-09,301,Blair,QLD,94,270,15042,350,5358,165,2377,923,8060,11,14997,12358,12247,2287,6242,1015,3434,25,32518,68,14,93,0,43,74,1325,1086
2016-09,302,Bonner,QLD,56,77,14830,301,2902,68,939,1986,3455,7,7747,6013,7247,2150,3226,316,1121,6,22049,42,23,71,0,26,16,436,1494
2016-09,303,Bowman,QLD,34,72,18108,249,3918,101,1426,1895,4319,6,9068,7018,7309,1715,3688,349,1618,27,27615,56,10,96,0,26,48,485,793
2016-09,304,Brisbane,QLD,85,55,7816,609,1309,29,353,1817,4065,0,3822,3152,6982,2703,3656,197,590,5,14315,41,20,56,0,5,5,434,2706
2016-09,305,Capricornia,QLD,92,330,14629,197,3512,107,1440,1433,4686,7,9037,7390,9548,1516,5722,569,2229,20,25522,62,10,101,0,26,40,966,590
2016-09,306,Dawson,QLD,81,329,14574,156,3544,99,1481,1798,4395,5,9653,7924,9930,1472,6101,562,2361,19,25597,63,6,106,0,34,41,958,664
2016-09,307,Dickson,QLD,38,71,12410,256,3400,109,1097,1404,3247,6,9427,7212,7608,1794,3254,443,1452,16,20166,50,8,99,0,20,23,560,942
2016-09,308,Fadden,QLD,74,58,18591,446,4531,94,1892,1894,4475,7,13219,10370,11167,2570,5256,760,2374,20,30119,70,17,128,0,27,17,712,1806
2016-09,309,Fairfax,QLD,61,51,19985,503,3880,89,1536,2427,5204,5,11009,8430,9632,2447,5038,617,1686,25,31306,66,7,151,0,20,34,701,1318
2016-09,310,Fisher,QLD,48,57,20665,430,4131,96,1548,2469,4530,10,9833,7566,9190,2434,4629,551,1580,20,30907,47,6,140,0,24,32,691,1422
2016-09,311,Flynn,QLD,81,355,13770,123,4109,114,1847,1447,5063,6,10053,8223,10848,1357,6754,745,2433,30,26070,52,5,87,0,46,71,1036,341
2016-09,312,Forde,QLD,69,119,15587,320,4963,163,2126,744,5908,9,15271,12167,11998,2137,5640,841,3081,24,29625,67,33,111,0,26,39,1053,1129
2016-09,313,Griffith,QLD,97,47,9474,643,1762,50,583,1524,3817,0,5134,4171,7451,2786,3634,239,801,5,16189,36,26,56,0,9,7,458,2581
2016-09,314,Groom,QLD,96,246,17184,310,3723,106,1471,1910,5729,8,11051,8631,9367,2121,4366,747,2233,13,29071,45,15,75,0,32,47,889,1065
2016-09,315,Herbert,QLD,297,722,12728,440,4059,107,1794,1070,5218,10,12342,10416,13117,2662,7248,818,3257,15,25990,52,12,91,0,24,29,1297,1889
2016-09,316,Hinkler,QLD,62,277,27572,306,7541,133,3689,1621,8257,10,11820,9396,12584,2483,7691,942,2637,61,46310,80,11,172,0,84,85,1384,717
2016-09,317,Kennedy,QLD,243,1209,18288,146,3989,76,1974,2087,5916,8,12795,10297,12871,1267,8256,1063,3203,24,32782,67,9,96,0,47,66,1115,314
2016-09,318,Leichhardt,QLD,487,1656,14266,386,3510,105,1681,1348,5941,5,15375,12627,16261,1907,9751,1301,3728,13,29012,79,18,95,0,26,14,1330,870
2016-09,319,Lilley,QLD,61,90,15780,344,2855,61,938,1928,4388,5,7847,6268,7818,2068,4020,399,1230,10,24368,70,25,101,0,10,14,644,1357
2016-09,320,Longman,QLD,54,148,20404,298,6139,150,2651,1304,6883,13,14128,11291,12107,2528,6332,975,3063,43,36812,104,15,146,0,50,69,1168,1045
2016-09,321,Maranoa,QLD,91,366,19841,145,5150,101,2448,2227,7368,7,12130,9218,10420,1582,5438,846,2483,27,35198,67,6,121,0,69,74,951,383
2016-09,322,McPherson,QLD,50,54,18293,468,3619,95,1416,1958,4089,7,10561,8032,8960,2216,4577,447,1571,12,27932,70,11,147,0,21,23,521,1563
2016-09,323,Moncrieff,QLD,63,68,18895,599,3606,78,1571,2210,5058,6,10031,7918,10498,2600,6122,511,1700,21,30219,74,23,132,0,22,22,694,2066
2016-09,324,Moreton,QLD,78,67,11939,520,2608,82,1022,2120,3749,10,8742,6795,10147,3324,4305,630,1069,15,19641,42,64,104,0,19,8,542,2722
2016-09,325,Oxley,QLD,83,152,11600,323,3904,163,1788,924,5115,23,14334,11477,12270,2536,5790,1068,2503,14,24077,65,42,119,0,27,31,929,1742
2016-09,326,Petrie,QLD,58,130,19395,299,4536,117,1731,1569,5817,9,12648,10161,10130,1999,5310,737,2377,24,32349,56,18,103,0,33,38,862,988
2016-09,327,Rankin,QLD,79,182,13475,394,4513,146,2197,762,6349,16,18277,14583,15809,2954,7372,1431,3280,23,28832,63,76,130,0,52,63,1283,1795
2016-09,328,Ryan,QLD,79,59,9562,512,1976,63,439,3133,2026,0,4969,3878,6704,3192,2166,193,557,8,13642,25,11,49,0,7,0,312,3417
2016-09,329,Wide Bay,QLD,58,224,23389,304,6095,97,3176,2323,9044,6,11709,9100,11453,2221,7120,908,2198,46,41906,75,19,177,0,64,89,1147,646
2016-09,330,Wright,QLD,48,102,15583,253,4741,121,2046,1487,5251,7,11778,8835,9585,2035,4690,627,2053,26,27590,72,7,91,0,35,61,713,1112
2016-09,401,Adelaide,SA,98,43,14587,646,2968,93,1136,2061,5867,10,7310,5740,10451,3596,5543,510,972,14,24866,54,71,89,0,27,15,549,3045
2016-09,402,Barker,SA,42,91,22046,162,4321,144,1935,2113,6820,13,11746,8553,10333,1935,6482,812,1940,27,36205,65,7,116,0,52,60,753,718
2016-09,403,Boothby,SA,58,41,18618,485,2909,100,869,2559,4008,5,6837,5104,7963,2906,3674,355,826,25,26092,36,16,78,0,25,24,374,2255
2016-09,404,Grey,SA,136,277,21949,100,5077,130,2447,1569,7887,7,10607,8408,11747,1709,8418,896,2292,57,38541,58,14,105,0,44,81,1162,451
2016-09,405,Hindmarsh,SA,49,44,21587,467,3785,105,1316,2275,5469,9,7346,5602,8821,2845,4706,400,949,20,31513,48,28,75,0,47,24,462,2093
2016-09,406,Kingston,SA,58,57,18962,398,4972,179,2152,726,6785,7,13300,10279,11958,2829,6944,822,2442,43,34125,67,18,107,0,42,53,1004,1526
2016-09,407,Makin,SA,46,38,19689,329,4132,176,1507,953,4828,12,11009,8328,10053,2567,5014,665,1594,37,30274,45,31,102,0,41,39,668,1662
2016-09,408,Mayo,SA,21,31,21342,275,3368,119,1203,2489,4284,5,8501,6073,7433,1954,3991,454,1051,36,30175,33,0,105,0,35,42,432,883
2016-09,409,Port Adelaide,SA,99,104,19248,409,6325,256,3024,579,9045,18,14607,11473,15327,3612,9402,1252,2628,44,38806,56,55,154,0,90,71,1128,2382
2016-09,410,Sturt,SA,39,34,20180,403,3318,107,1041,2818,4396,9,7899,5875,7882,2490,3515,431,845,20,28208,22,20,76,0,33,26,332,1732
2016-09,411,Wakefield,SA,55,113,18713,413,6832,345,3133,949,9320,44,16888,13582,16656,3207,9862,1436,3750,33,40109,68,32,120,0,55,79,1457,1820
2016-09,501,Brand,WA,51,134,17948,289,3999,160,1467,1137,4509,7,13812,11713,12293,2109,6913,689,3089,29,29783,73,16,111,0,53,53,948,889
2016-09,502,Canning,WA,57,121,20790,262,3941,150,1510,1879,4984,11,12635,10674,12403,2241,7322,765,2824,42,33130,68,14,123,0,41,54,1023,881
2016-09,503,Cowan,WA,24,79,13469,237,2849,129,998,1091,3103,17,9534,7502,9256,2331,4438,611,1431,20,20689,42,24,95,0,35,38,535,1268
2016-09,504,Curtin,WA,107,43,9561,406,1259,34,293,3727,2112,0,2821,2292,4352,1814,1769,100,384,0,12928,19,8,44,0,7,0,148,1681
2016-09,505,Durack,WA,218,1311,10611,95,2692,61,1342,1054,5545,7,11402,9813,13276,926,8249,1125,3266,9,23173,39,8,58,0,27,30,1136,212
2016-09,506,Forrest,WA,36,165,17702,191,3034,85,1216,2313,4276,10,10560,8585,9666,1922,5697,576,2206,25,28030,61,10,103,0,36,28,761,460
2016-09,507,Fremantle,WA,41,116,14822,436,2851,96,941,1787,4070,5,7685,6385,8601,2206,4894,357,1395,22,23086,52,14,80,0,39,39,494,1359
2016-09,508,Hasluck,WA,76,189,16918,272,3258,106,1264,1313,4049,10,11595,9545,11449,2263,6099,729,2125,23,26489,47,38,105,0,44,46,785,1154
2016-09,509,Moore,WA,24,28,11291,260,2150,101,559,1925,2201,12,7122,5710,6862,1862,3116,258,1192,14,16426,27,9,53,0,13,22,366,1130
2016-09,510,O'Connor,WA,65,383,15688,100,2920,88,1285,2348,5147,6,10139,8138,9642,1241,5844,729,2077,22,26568,50,14,103,0,33,53,716,332
2016-09,511,Pearce,WA,56,182,16067,247,3490,159,1221,1905,3719,16,13308,10786,11128,1949,5770,665,2609,24,25829,53,25,93,0,25,42,785,860
2016-09,512,Perth,WA,61,82,14912,436,2250,59,852,1455,3969,5,7043,5756,9393,2484,5353,417,1201,20,22700,54,50,97,0,43,20,534,1502
2016-09,513,Stirling,WA,43,94,15654,355,2666,84,996,2186,4133,19,7826,6462,9149,2226,4910,655,1374,28,23844,47,37,99,0,29,29,501,1276
2016-09,514,Swan,WA,110,149,14940,446,2289,65,945,1631,4052,13,8063,6752,10457,2907,5449,572,1372,21,23066,41,65,118,0,14,22,629,2218
2016-09,515,Tangney,WA,19,8,12728,258,1868,53,473,3016,1348,7,5523,4127,5913,2076,2091,204,557,10,15814,11,28,65,0,7,11,162,1511
2016-09,601,Bass,TAS,70,83,13910,314,3154,69,1668,935,4817,12,8123,6335,8997,2582,4872,688,1547,28,24521,41,0,103,0,33,40,918,1390
2016-09,602,Braddon,TAS,57,133,15221,145,3968,86,2250,797,6195,9,8256,6465,7502,1756,4643,581,1579,43,28056,41,10,99,0,45,69,687,488
2016-09,603,Denison,TAS,55,55,11797,411,2453,56,1100,1386,5184,6,6773,5316,8012,2766,3970,503,1219,22,21169,32,11,67,0,20,24,684,1749
2016-09,604,Franklin,TAS,30,73,14343,196,2925,73,1289,1457,4609,8,7655,5775,6573,1882,3147,458,1259,32,23337,24,5,73,0,36,37,478,738
2016-09,605,Lyons,TAS,29,99,15863,130,4298,79,2432,973,6816,7,9200,6967,8128,1838,4988,674,1736,70,29812,46,0,104,0,55,79,667,440
2016-09,701,Lingiari,NT,282,2634,4352,38,1673,60,993,287,5555,5,11257,9606,16440,299,9724,2382,2229,5,15146,36,5,53,0,10,6,1367,97
2016-09,702,Solomon,NT,126,387,5063,117,1518,64,556,504,2833,5,6156,5215,5414,563,3033,303,1363,11,10677,26,15,38,0,13,7,426,281
2016-09,801,Canberra,ACT,28,77,13026,211,2722,100,656,2783,3914,6,6846,5568,5615,1322,2494,266,1281,8,20077,40,14,50,0,17,16,348,905
2016-09,802,Fraser,ACT,77,85,12075,484,3031,129,788,2454,4627,6,9240,7489,9206,3309,3381,466,1436,5,20370,48,51,54,0,12,8,485,3210
